<?xml version="1.0" encoding="UTF-8" standalone="no"?>
<!-- Licensed Materials - Property of IBM
			 5725-I43 (C) Copyright IBM Corp. 2006, 2013. All Rights Reserved.
			 US Government Users Restricted Rights - Use, duplication or
             disclosure restricted by GSA ADP Schedule Contract with IBM Corp. --><buildSettings xmlns="http://www.ibm.worklight.com/build-settings">
    <android>
        <minification includes="**" level="none"/>
        <concatenation includes="**"/>
    </android>
    <iphone>
        <minification includes="**" level="none"/>
        <concatenation includes="**"/>
    </iphone>
</buildSettings>
